Cell_Index,Filename,Mean_Absolute_Error
1,AC_16_image_single_cell_1_degree_probabilities_log.txt,0.055417
2,confocal_HR_image_single_cell_1_degree_probabilities_log.txt,0.018173
3,confocal_HR_image_single_cell_10_degree_probabilities_log.txt,0.073169
4,confocal_HR_image_single_cell_11_degree_probabilities_log.txt,0.041301
5,confocal_HR_image_single_cell_12_degree_probabilities_log.txt,0.032000
6,confocal_HR_image_single_cell_13_degree_probabilities_log.txt,0.023427
7,confocal_HR_image_single_cell_14_degree_probabilities_log.txt,0.025834
8,confocal_HR_image_single_cell_15_degree_probabilities_log.txt,0.034521
9,confocal_HR_image_single_cell_2_degree_probabilities_log.txt,0.028989
10,confocal_HR_image_single_cell_3_degree_probabilities_log.txt,0.070156
11,confocal_HR_image_single_cell_4_degree_probabilities_log.txt,0.032152
12,confocal_HR_image_single_cell_5_degree_probabilities_log.txt,0.032166
13,confocal_HR_image_single_cell_6_degree_probabilities_log.txt,0.025490
14,confocal_HR_image_single_cell_7_degree_probabilities_log.txt,0.055401
15,confocal_HR_image_single_cell_8_degree_probabilities_log.txt,0.014721
16,confocal_HR_image_single_cell_9_degree_probabilities_log.txt,0.022932
